{
  "accuracy": 0.7178423236514523,
  "f1_macro": 0.5128903260113611,
  "f1_weighted": 0.7082449088851428,
  "roc_auc_micro": 0.9422492343068779,
  "pr_auc_micro": 0.7858712246845335,
  "per_class_report": {
    "antitrust": {
      "precision": 0.6153846153846154,
      "recall": 0.64,
      "f1-score": 0.6274509803921569,
      "support": 25.0
    },
    "civil rights, immigration, family": {
      "precision": 0.8709677419354839,
      "recall": 0.7941176470588235,
      "f1-score": 0.8307692307692308,
      "support": 34.0
    },
    "consumer fraud": {
      "precision": 0.6744186046511628,
      "recall": 0.725,
      "f1-score": 0.6987951807228916,
      "support": 40.0
    },
    "criminal & enforcement": {
      "precision": 0.5,
      "recall": 0.3333333333333333,
      "f1-score": 0.4,
      "support": 3.0
    },
    "discrimination": {
      "precision": 0.0,
      "recall": 0.0,
      "f1-score": 0.0,
      "support": 4.0
    },
    "employment & labor": {
      "precision": 0.85,
      "recall": 0.85,
      "f1-score": 0.85,
      "support": 40.0
    },
    "other": {
      "precision": 0.0,
      "recall": 0.0,
      "f1-score": 0.0,
      "support": 4.0
    },
    "privacy": {
      "precision": 0.8181818181818182,
      "recall": 0.9,
      "f1-score": 0.8571428571428571,
      "support": 40.0
    },
    "products liability and mass tort": {
      "precision": 0.18181818181818182,
      "recall": 0.18181818181818182,
      "f1-score": 0.18181818181818182,
      "support": 11.0
    },
    "securities": {
      "precision": 0.6666666666666666,
      "recall": 0.7,
      "f1-score": 0.6829268292682927,
      "support": 40.0
    },
    "accuracy": 0.7178423236514523,
    "macro avg": {
      "precision": 0.5177437628637929,
      "recall": 0.5124269162210339,
      "f1-score": 0.5128903260113611,
      "support": 241.0
    },
    "weighted avg": {
      "precision": 0.700697934400032,
      "recall": 0.7178423236514523,
      "f1-score": 0.7082449088851428,
      "support": 241.0
    }
  }
}